Description,Scientific Name,Max Score,Total Score,Query Cover,E value,Per. ident,Acc. Len,Accession  
TDP43 isoform H [Homo sapiens],Homo sapiens,776,776,100%,0.0,100.00,372,"=HYPERLINK(""https://www.ncbi.nlm.nih.gov/protein/AER93385.1?report=genbank&log$=prottop&blast_rank=1&RID=A20G4STG013"",""AER93385.1"")"
TAR DNA-binding protein 43 [Homo sapiens],Homo sapiens,621,621,80%,0.0,98.99,414,"=HYPERLINK(""https://www.ncbi.nlm.nih.gov/protein/NP_031401.1?report=genbank&log$=prottop&blast_rank=2&RID=A20G4STG013"",""NP_031401.1"")"
TDP43 [Homo sapiens],Homo sapiens,621,621,80%,0.0,98.99,416,"=HYPERLINK(""https://www.ncbi.nlm.nih.gov/protein/ABO32290.1?report=genbank&log$=prottop&blast_rank=3&RID=A20G4STG013"",""ABO32290.1"")"
"TAR DNA binding protein variant, partial [Homo sapiens]",Homo sapiens,619,619,80%,0.0,98.65,414,"=HYPERLINK(""https://www.ncbi.nlm.nih.gov/protein/BAD96474.1?report=genbank&log$=prottop&blast_rank=4&RID=A20G4STG013"",""BAD96474.1"")"
unnamed protein product [Homo sapiens],Homo sapiens,617,617,80%,0.0,98.65,414,"=HYPERLINK(""https://www.ncbi.nlm.nih.gov/protein/BAG35326.1?report=genbank&log$=prottop&blast_rank=5&RID=A20G4STG013"",""BAG35326.1"")"
"TAR DNA binding protein, isoform CRA_a [Homo sapiens]",Homo sapiens,498,498,80%,1e-176,83.16,367,"=HYPERLINK(""https://www.ncbi.nlm.nih.gov/protein/EAW71669.1?report=genbank&log$=prottop&blast_rank=6&RID=A20G4STG013"",""EAW71669.1"")"
"TAR DNA binding protein, partial [Homo sapiens]",Homo sapiens,454,454,80%,5e-161,78.11,243,"=HYPERLINK(""https://www.ncbi.nlm.nih.gov/protein/KAI2515018.1?report=genbank&log$=prottop&blast_rank=7&RID=A20G4STG013"",""KAI2515018.1"")"
TAR DNA binding protein [Homo sapiens],Homo sapiens,601,601,77%,0.0,100.00,304,"=HYPERLINK(""https://www.ncbi.nlm.nih.gov/protein/KAI2515008.1?report=genbank&log$=prottop&blast_rank=8&RID=A20G4STG013"",""KAI2515008.1"")"
TAR DNA binding protein [Homo sapiens],Homo sapiens,588,588,76%,0.0,100.00,301,"=HYPERLINK(""https://www.ncbi.nlm.nih.gov/protein/KAI2515007.1?report=genbank&log$=prottop&blast_rank=9&RID=A20G4STG013"",""KAI2515007.1"")"
"TAR DNA binding protein, isoform CRA_d [Homo sapiens]",Homo sapiens,588,588,75%,0.0,100.00,298,"=HYPERLINK(""https://www.ncbi.nlm.nih.gov/protein/EAW71673.1?report=genbank&log$=prottop&blast_rank=10&RID=A20G4STG013"",""EAW71673.1"")"
TAR DNA binding protein [Homo sapiens],Homo sapiens,581,581,74%,0.0,100.00,295,"=HYPERLINK(""https://www.ncbi.nlm.nih.gov/protein/KAI2515012.1?report=genbank&log$=prottop&blast_rank=11&RID=A20G4STG013"",""KAI2515012.1"")"
"hCG39525, isoform CRA_b, partial [Homo sapiens]",Homo sapiens,233,233,72%,1e-73,50.00,292,"=HYPERLINK(""https://www.ncbi.nlm.nih.gov/protein/EAX10390.1?report=genbank&log$=prottop&blast_rank=12&RID=A20G4STG013"",""EAX10390.1"")"
TDP43 isoform I [Homo sapiens],Homo sapiens,536,536,69%,0.0,99.61,269,"=HYPERLINK(""https://www.ncbi.nlm.nih.gov/protein/AER93386.1?report=genbank&log$=prottop&blast_rank=13&RID=A20G4STG013"",""AER93386.1"")"
TAR DNA binding protein [Homo sapiens],Homo sapiens,197,355,65%,6e-60,59.41,258,"=HYPERLINK(""https://www.ncbi.nlm.nih.gov/protein/KAI2515017.1?report=genbank&log$=prottop&blast_rank=14&RID=A20G4STG013"",""KAI2515017.1"")"
TDP43 splice variant 2 [Homo sapiens],Homo sapiens,195,351,65%,3e-59,59.41,260,"=HYPERLINK(""https://www.ncbi.nlm.nih.gov/protein/ABO32292.1?report=genbank&log$=prottop&blast_rank=15&RID=A20G4STG013"",""ABO32292.1"")"
"hCG39525, isoform CRA_c, partial [Homo sapiens]",Homo sapiens,149,267,64%,3e-41,80.00,279,"=HYPERLINK(""https://www.ncbi.nlm.nih.gov/protein/EAX10391.1?report=genbank&log$=prottop&blast_rank=16&RID=A20G4STG013"",""EAX10391.1"")"
TDP43 isoform J [Homo sapiens],Homo sapiens,494,494,64%,7e-177,99.58,243,"=HYPERLINK(""https://www.ncbi.nlm.nih.gov/protein/AER93387.1?report=genbank&log$=prottop&blast_rank=17&RID=A20G4STG013"",""AER93387.1"")"
"TAR DNA binding protein, partial [Homo sapiens]",Homo sapiens,472,472,63%,7e-168,85.14,276,"=HYPERLINK(""https://www.ncbi.nlm.nih.gov/protein/KAI2515019.1?report=genbank&log$=prottop&blast_rank=18&RID=A20G4STG013"",""KAI2515019.1"")"
"heterogeneous nuclear ribonucleoprotein D (AU-rich element RNA binding protein 1, 37kDa), isoform CRA_f [Homo sapiens]",Homo sapiens,102,102,59%,7e-24,30.90,277,"=HYPERLINK(""https://www.ncbi.nlm.nih.gov/protein/EAX05879.1?report=genbank&log$=prottop&blast_rank=19&RID=A20G4STG013"",""EAX05879.1"")"
"heterogeneous nuclear ribonucleoprotein D0B, partial [Homo sapiens]",Homo sapiens,102,102,59%,1e-23,30.90,298,"=HYPERLINK(""https://www.ncbi.nlm.nih.gov/protein/AAB96683.1?report=genbank&log$=prottop&blast_rank=20&RID=A20G4STG013"",""AAB96683.1"")"
heterogeneous nuclear ribonucleoprotein D0 isoform c [Homo sapiens],Homo sapiens,102,102,59%,1e-23,30.90,306,"=HYPERLINK(""https://www.ncbi.nlm.nih.gov/protein/NP_002129.2?report=genbank&log$=prottop&blast_rank=21&RID=A20G4STG013"",""NP_002129.2"")"
DNA-binding protein [Homo sapiens],Homo sapiens,102,102,59%,2e-23,30.47,328,"=HYPERLINK(""https://www.ncbi.nlm.nih.gov/protein/AAA35781.1?report=genbank&log$=prottop&blast_rank=22&RID=A20G4STG013"",""AAA35781.1"")"
unnamed protein product [Homo sapiens],Homo sapiens,442,442,57%,3e-155,98.12,330,"=HYPERLINK(""https://www.ncbi.nlm.nih.gov/protein/BAG61425.1?report=genbank&log$=prottop&blast_rank=23&RID=A20G4STG013"",""BAG61425.1"")"
"heterogeneous nuclear ribonucleoprotein D (hnRNP D), partial [Homo sapiens]",Homo sapiens,102,157,56%,3e-24,34.16,215,"=HYPERLINK(""https://www.ncbi.nlm.nih.gov/protein/BAA09524.1?report=genbank&log$=prottop&blast_rank=24&RID=A20G4STG013"",""BAA09524.1"")"
heterogeneous nuclear ribonucleoprotein D0 isoform d [Homo sapiens],Homo sapiens,102,157,56%,2e-23,34.16,287,"=HYPERLINK(""https://www.ncbi.nlm.nih.gov/protein/NP_001003810.1?report=genbank&log$=prottop&blast_rank=25&RID=A20G4STG013"",""NP_001003810.1"")"
RNA-binding protein Musashi homolog 1 isoform d [Homo sapiens],Homo sapiens,94.0,142,55%,3e-20,33.13,343,"=HYPERLINK(""https://www.ncbi.nlm.nih.gov/protein/NP_001401416.1?report=genbank&log$=prottop&blast_rank=26&RID=A20G4STG013"",""NP_001401416.1"")"
RNA-binding protein Musashi homolog 1 isoform e [Homo sapiens],Homo sapiens,93.6,182,55%,4e-20,34.93,332,"=HYPERLINK(""https://www.ncbi.nlm.nih.gov/protein/NP_001401417.1?report=genbank&log$=prottop&blast_rank=27&RID=A20G4STG013"",""NP_001401417.1"")"
RNA-binding protein Musashi homolog 1 isoform c [Homo sapiens],Homo sapiens,94.0,143,55%,4e-20,33.13,351,"=HYPERLINK(""https://www.ncbi.nlm.nih.gov/protein/NP_001401415.1?report=genbank&log$=prottop&blast_rank=28&RID=A20G4STG013"",""NP_001401415.1"")"
RNA-binding protein Musashi homolog 1 isoform a [Homo sapiens],Homo sapiens,94.0,142,55%,4e-20,33.13,362,"=HYPERLINK(""https://www.ncbi.nlm.nih.gov/protein/NP_002433.1?report=genbank&log$=prottop&blast_rank=29&RID=A20G4STG013"",""NP_002433.1"")"
p37 AUF1 [Homo sapiens],Homo sapiens,103,160,54%,5e-24,34.87,286,"=HYPERLINK(""https://www.ncbi.nlm.nih.gov/protein/AAC50056.1?report=genbank&log$=prottop&blast_rank=30&RID=A20G4STG013"",""AAC50056.1"")"
"TAR DNA binding protein, partial [Homo sapiens]",Homo sapiens,421,421,54%,7e-149,100.00,201,"=HYPERLINK(""https://www.ncbi.nlm.nih.gov/protein/KAI2515020.1?report=genbank&log$=prottop&blast_rank=31&RID=A20G4STG013"",""KAI2515020.1"")"
DAZ-associated protein 1 isoform a [Homo sapiens],Homo sapiens,95.5,178,53%,1e-20,33.85,378,"=HYPERLINK(""https://www.ncbi.nlm.nih.gov/protein/NP_733829.1?report=genbank&log$=prottop&blast_rank=32&RID=A20G4STG013"",""NP_733829.1"")"
DAZ-associated protein 1 isoform X3 [Homo sapiens],Homo sapiens,95.1,180,53%,3e-20,33.85,432,"=HYPERLINK(""https://www.ncbi.nlm.nih.gov/protein/XP_047294544.1?report=genbank&log$=prottop&blast_rank=33&RID=A20G4STG013"",""XP_047294544.1"")"
DAZ associated protein 1 [Homo sapiens],Homo sapiens,94.7,177,53%,3e-20,33.85,407,"=HYPERLINK(""https://www.ncbi.nlm.nih.gov/protein/AAF78364.1?report=genbank&log$=prottop&blast_rank=34&RID=A20G4STG013"",""AAF78364.1"")"
DAZ-associated protein 1 isoform X1 [Homo sapiens],Homo sapiens,95.5,182,53%,3e-20,33.85,521,"=HYPERLINK(""https://www.ncbi.nlm.nih.gov/protein/XP_011526211.1?report=genbank&log$=prottop&blast_rank=35&RID=A20G4STG013"",""XP_011526211.1"")"
DAZ-associated protein 1 isoform d [Homo sapiens],Homo sapiens,94.7,177,53%,3e-20,33.85,406,"=HYPERLINK(""https://www.ncbi.nlm.nih.gov/protein/NP_001338963.1?report=genbank&log$=prottop&blast_rank=36&RID=A20G4STG013"",""NP_001338963.1"")"
DAZ-associated protein 1 isoform X5 [Homo sapiens],Homo sapiens,95.1,180,53%,3e-20,33.85,431,"=HYPERLINK(""https://www.ncbi.nlm.nih.gov/protein/XP_047294545.1?report=genbank&log$=prottop&blast_rank=37&RID=A20G4STG013"",""XP_047294545.1"")"
DAZ-associated protein 1 isoform b [Homo sapiens],Homo sapiens,94.7,177,53%,3e-20,33.85,407,"=HYPERLINK(""https://www.ncbi.nlm.nih.gov/protein/NP_061832.2?report=genbank&log$=prottop&blast_rank=38&RID=A20G4STG013"",""NP_061832.2"")"
DAZ-associated protein 1 isoform X4 [Homo sapiens],Homo sapiens,95.5,182,53%,4e-20,33.85,549,"=HYPERLINK(""https://www.ncbi.nlm.nih.gov/protein/XP_011526207.1?report=genbank&log$=prottop&blast_rank=39&RID=A20G4STG013"",""XP_011526207.1"")"
DAZ-associated protein 1 isoform X2 [Homo sapiens],Homo sapiens,95.5,182,53%,4e-20,33.85,550,"=HYPERLINK(""https://www.ncbi.nlm.nih.gov/protein/XP_011526206.1?report=genbank&log$=prottop&blast_rank=40&RID=A20G4STG013"",""XP_011526206.1"")"
"hCG1744641, isoform CRA_b, partial [Homo sapiens]",Homo sapiens,284,284,50%,3e-92,77.01,384,"=HYPERLINK(""https://www.ncbi.nlm.nih.gov/protein/EAW52078.1?report=genbank&log$=prottop&blast_rank=41&RID=A20G4STG013"",""EAW52078.1"")"
ABBP-1 [Homo sapiens],Homo sapiens,97.8,97.8,48%,1e-21,30.81,331,"=HYPERLINK(""https://www.ncbi.nlm.nih.gov/protein/AAC50956.1?report=genbank&log$=prottop&blast_rank=42&RID=A20G4STG013"",""AAC50956.1"")"
heterogeneous nuclear ribonucleoprotein D0 isoform a [Homo sapiens],Homo sapiens,101,101,47%,6e-23,33.88,355,"=HYPERLINK(""https://www.ncbi.nlm.nih.gov/protein/NP_112738.1?report=genbank&log$=prottop&blast_rank=43&RID=A20G4STG013"",""NP_112738.1"")"
"DAZ associated protein 1, partial [Homo sapiens]",Homo sapiens,98.6,180,47%,6e-22,35.03,327,"=HYPERLINK(""https://www.ncbi.nlm.nih.gov/protein/KAI2587648.1?report=genbank&log$=prottop&blast_rank=44&RID=A20G4STG013"",""KAI2587648.1"")"
DAZ-associated protein 1 isoform X7 [Homo sapiens],Homo sapiens,95.5,180,47%,2e-20,34.03,431,"=HYPERLINK(""https://www.ncbi.nlm.nih.gov/protein/XP_047294546.1?report=genbank&log$=prottop&blast_rank=45&RID=A20G4STG013"",""XP_047294546.1"")"
DAZ-associated protein 1 isoform c [Homo sapiens],Homo sapiens,95.1,177,47%,2e-20,34.03,406,"=HYPERLINK(""https://www.ncbi.nlm.nih.gov/protein/NP_001338962.1?report=genbank&log$=prottop&blast_rank=46&RID=A20G4STG013"",""NP_001338962.1"")"
DAZ-associated protein 1 isoform X9 [Homo sapiens],Homo sapiens,95.1,177,47%,2e-20,34.03,405,"=HYPERLINK(""https://www.ncbi.nlm.nih.gov/protein/XP_047294547.1?report=genbank&log$=prottop&blast_rank=47&RID=A20G4STG013"",""XP_047294547.1"")"
DAZ-associated protein 1 isoform X6 [Homo sapiens],Homo sapiens,95.9,182,47%,3e-20,34.03,549,"=HYPERLINK(""https://www.ncbi.nlm.nih.gov/protein/XP_011526208.1?report=genbank&log$=prottop&blast_rank=48&RID=A20G4STG013"",""XP_011526208.1"")"
DAZ-associated protein 1 isoform X8 [Homo sapiens],Homo sapiens,95.9,182,47%,3e-20,34.03,548,"=HYPERLINK(""https://www.ncbi.nlm.nih.gov/protein/XP_011526209.1?report=genbank&log$=prottop&blast_rank=49&RID=A20G4STG013"",""XP_011526209.1"")"
"heterogeneous nuclear ribonucleoprotein AB isoform a variant, partial [Homo sapiens]",Homo sapiens,100,100,46%,1e-22,30.90,332,"=HYPERLINK(""https://www.ncbi.nlm.nih.gov/protein/BAD97145.1?report=genbank&log$=prottop&blast_rank=50&RID=A20G4STG013"",""BAD97145.1"")"
heterogeneous nuclear ribonucleoprotein A/B [Homo sapiens],Homo sapiens,100,100,46%,1e-22,30.90,327,"=HYPERLINK(""https://www.ncbi.nlm.nih.gov/protein/KAI2540423.1?report=genbank&log$=prottop&blast_rank=51&RID=A20G4STG013"",""KAI2540423.1"")"
heterogeneous nuclear ribonucleoprotein A/B isoform a [Homo sapiens],Homo sapiens,100,100,46%,1e-22,30.90,332,"=HYPERLINK(""https://www.ncbi.nlm.nih.gov/protein/NP_001424886.1?report=genbank&log$=prottop&blast_rank=52&RID=A20G4STG013"",""NP_001424886.1"")"
RecName: Full=Heterogeneous nuclear ribonucleoprotein A/B; Short=hnRNP A/B; AltName: Full=APOBEC1-binding protein 1; Short=ABBP-1 [Homo sapiens],Homo sapiens,97.1,97.1,46%,2e-21,31.28,332,"=HYPERLINK(""https://www.ncbi.nlm.nih.gov/protein/Q99729.2?report=genbank&log$=prottop&blast_rank=53&RID=A20G4STG013"",""Q99729.2"")"
unnamed protein product [Homo sapiens],Homo sapiens,100,100,46%,1e-22,31.07,323,"=HYPERLINK(""https://www.ncbi.nlm.nih.gov/protein/BAG60045.1?report=genbank&log$=prottop&blast_rank=54&RID=A20G4STG013"",""BAG60045.1"")"
"Chain A, TAR DNA-BINDING PROTEIN 43 [Homo sapiens]",Homo sapiens,354,354,45%,1e-122,100.00,174,"=HYPERLINK(""https://www.ncbi.nlm.nih.gov/protein/4BS2_A?report=genbank&log$=prottop&blast_rank=55&RID=A20G4STG013"",""4BS2_A"")"
unnamed protein product [Homo sapiens],Homo sapiens,343,343,44%,1e-116,97.56,298,"=HYPERLINK(""https://www.ncbi.nlm.nih.gov/protein/BAG58707.1?report=genbank&log$=prottop&blast_rank=56&RID=A20G4STG013"",""BAG58707.1"")"
"heterogeneous nuclear ribonucleoprotein D, partial [Homo sapiens]",Homo sapiens,100,154,44%,5e-23,36.77,261,"=HYPERLINK(""https://www.ncbi.nlm.nih.gov/protein/KAI2534835.1?report=genbank&log$=prottop&blast_rank=57&RID=A20G4STG013"",""KAI2534835.1"")"
hnRNP type A/B protein [Homo sapiens],Homo sapiens,97.4,97.4,44%,7e-22,33.14,284,"=HYPERLINK(""https://www.ncbi.nlm.nih.gov/protein/AAA36575.1?report=genbank&log$=prottop&blast_rank=58&RID=A20G4STG013"",""AAA36575.1"")"
"heterogeneous nuclear ribonucleoprotein D (AU-rich element RNA binding protein 1, 37kDa), isoform CRA_a [Homo sapiens]",Homo sapiens,101,101,44%,1e-22,34.88,377,"=HYPERLINK(""https://www.ncbi.nlm.nih.gov/protein/EAX05872.1?report=genbank&log$=prottop&blast_rank=59&RID=A20G4STG013"",""EAX05872.1"")"
"hCG1642312, isoform CRA_a, partial [Homo sapiens]",Homo sapiens,201,201,43%,7e-59,62.35,511,"=HYPERLINK(""https://www.ncbi.nlm.nih.gov/protein/EAW48444.1?report=genbank&log$=prottop&blast_rank=60&RID=A20G4STG013"",""EAW48444.1"")"
A+U-rich element RNA binding factor [Homo sapiens],Homo sapiens,96.3,149,43%,1e-21,34.03,271,"=HYPERLINK(""https://www.ncbi.nlm.nih.gov/protein/BAA22860.1?report=genbank&log$=prottop&blast_rank=61&RID=A20G4STG013"",""BAA22860.1"")"
unnamed protein product [Homo sapiens],Homo sapiens,94.0,147,43%,1e-20,33.33,271,"=HYPERLINK(""https://www.ncbi.nlm.nih.gov/protein/BAG61914.1?report=genbank&log$=prottop&blast_rank=62&RID=A20G4STG013"",""BAG61914.1"")"
JKTBP1delta6 [Homo sapiens],Homo sapiens,99.4,99.4,43%,6e-23,31.52,244,"=HYPERLINK(""https://www.ncbi.nlm.nih.gov/protein/BAB62188.1?report=genbank&log$=prottop&blast_rank=63&RID=A20G4STG013"",""BAB62188.1"")"
heterogeneous nuclear ribonucleoprotein A/B [Homo sapiens],Homo sapiens,100,100,43%,7e-23,33.13,280,"=HYPERLINK(""https://www.ncbi.nlm.nih.gov/protein/KAI2540424.1?report=genbank&log$=prottop&blast_rank=64&RID=A20G4STG013"",""KAI2540424.1"")"
heterogeneous nuclear ribonucleoprotein A/B [Homo sapiens],Homo sapiens,100,100,43%,7e-23,33.13,283,"=HYPERLINK(""https://www.ncbi.nlm.nih.gov/protein/KAI2540422.1?report=genbank&log$=prottop&blast_rank=65&RID=A20G4STG013"",""KAI2540422.1"")"
heterogeneous nuclear ribonucleoprotein A/B isoform b [Homo sapiens],Homo sapiens,100,100,43%,7e-23,33.13,285,"=HYPERLINK(""https://www.ncbi.nlm.nih.gov/protein/NP_001424887.1?report=genbank&log$=prottop&blast_rank=66&RID=A20G4STG013"",""NP_001424887.1"")"
CArG binding factor [Homo sapiens],Homo sapiens,100,100,43%,1e-22,31.52,298,"=HYPERLINK(""https://www.ncbi.nlm.nih.gov/protein/AAR17782.1?report=genbank&log$=prottop&blast_rank=67&RID=A20G4STG013"",""AAR17782.1"")"
heterogeneous nuclear ribonucleoprotein D like [Homo sapiens],Homo sapiens,99.8,99.8,43%,1e-22,31.52,301,"=HYPERLINK(""https://www.ncbi.nlm.nih.gov/protein/KAI2534845.1?report=genbank&log$=prottop&blast_rank=68&RID=A20G4STG013"",""KAI2534845.1"")"
heterogeneous nuclear ribonucleoprotein D-like isoform b [Homo sapiens],Homo sapiens,100,100,43%,1e-22,31.52,363,"=HYPERLINK(""https://www.ncbi.nlm.nih.gov/protein/NP_001193929.1?report=genbank&log$=prottop&blast_rank=69&RID=A20G4STG013"",""NP_001193929.1"")"
heterogeneous nuclear ribonucleoprotein D-like isoform a [Homo sapiens],Homo sapiens,101,101,43%,2e-22,31.52,420,"=HYPERLINK(""https://www.ncbi.nlm.nih.gov/protein/NP_112740.1?report=genbank&log$=prottop&blast_rank=70&RID=A20G4STG013"",""NP_112740.1"")"
"HNRPDL protein, partial [Homo sapiens]",Homo sapiens,101,101,43%,2e-22,31.52,415,"=HYPERLINK(""https://www.ncbi.nlm.nih.gov/protein/AAH07392.2?report=genbank&log$=prottop&blast_rank=71&RID=A20G4STG013"",""AAH07392.2"")"
"Chain A, Heterogeneous nuclear ribonucleoprotein D-like [Homo sapiens]",Homo sapiens,99.8,99.8,43%,6e-22,31.52,407,"=HYPERLINK(""https://www.ncbi.nlm.nih.gov/protein/7ZIR_A?report=genbank&log$=prottop&blast_rank=72&RID=A20G4STG013"",""7ZIR_A"")"
"TAR DNA binding protein, partial [Homo sapiens]",Homo sapiens,333,333,42%,2e-114,100.00,175,"=HYPERLINK(""https://www.ncbi.nlm.nih.gov/protein/KAI2515023.1?report=genbank&log$=prottop&blast_rank=73&RID=A20G4STG013"",""KAI2515023.1"")"
"heterogeneous nuclear ribonucleoprotein D (hnRNP D), partial [Homo sapiens]",Homo sapiens,100,154,41%,4e-23,38.19,267,"=HYPERLINK(""https://www.ncbi.nlm.nih.gov/protein/BAA09522.1?report=genbank&log$=prottop&blast_rank=74&RID=A20G4STG013"",""BAA09522.1"")"
unnamed protein product [Homo sapiens],Homo sapiens,100,155,41%,6e-23,38.19,303,"=HYPERLINK(""https://www.ncbi.nlm.nih.gov/protein/BAG61935.1?report=genbank&log$=prottop&blast_rank=75&RID=A20G4STG013"",""BAG61935.1"")"
heterogeneous nuclear ribonucleoprotein D0 isoform b [Homo sapiens],Homo sapiens,100,155,41%,1e-22,38.19,336,"=HYPERLINK(""https://www.ncbi.nlm.nih.gov/protein/NP_112737.1?report=genbank&log$=prottop&blast_rank=76&RID=A20G4STG013"",""NP_112737.1"")"
RNA-binding protein Musashi homolog 2 isoform a [Homo sapiens],Homo sapiens,90.5,178,40%,5e-19,31.51,328,"=HYPERLINK(""https://www.ncbi.nlm.nih.gov/protein/NP_620412.1?report=genbank&log$=prottop&blast_rank=77&RID=A20G4STG013"",""NP_620412.1"")"
RNA-binding protein Musashi homolog 2 isoform b [Homo sapiens],Homo sapiens,89.7,137,40%,3e-19,31.54,251,"=HYPERLINK(""https://www.ncbi.nlm.nih.gov/protein/NP_733839.1?report=genbank&log$=prottop&blast_rank=78&RID=A20G4STG013"",""NP_733839.1"")"
RNA-binding protein Musashi homolog 2 isoform d [Homo sapiens],Homo sapiens,89.0,137,40%,5e-19,31.51,255,"=HYPERLINK(""https://www.ncbi.nlm.nih.gov/protein/NP_001309180.1?report=genbank&log$=prottop&blast_rank=79&RID=A20G4STG013"",""NP_001309180.1"")"
RNA-binding protein Musashi homolog 2 isoform c [Homo sapiens],Homo sapiens,90.1,138,40%,5e-19,31.51,324,"=HYPERLINK(""https://www.ncbi.nlm.nih.gov/protein/NP_001309179.1?report=genbank&log$=prottop&blast_rank=80&RID=A20G4STG013"",""NP_001309179.1"")"
testicular TDP-43 related protein [Homo sapiens],Homo sapiens,177,237,34%,2e-53,92.39,183,"=HYPERLINK(""https://www.ncbi.nlm.nih.gov/protein/XTJ48440.1?report=genbank&log$=prottop&blast_rank=81&RID=A20G4STG013"",""XTJ48440.1"")"
"heterogeneous nuclear ribonucleoprotein D, partial [Homo sapiens]",Homo sapiens,95.1,95.1,32%,2e-21,42.02,221,"=HYPERLINK(""https://www.ncbi.nlm.nih.gov/protein/KAI2534836.1?report=genbank&log$=prottop&blast_rank=82&RID=A20G4STG013"",""KAI2534836.1"")"
"heterogeneous nuclear ribonucleoprotein D, partial [Homo sapiens]",Homo sapiens,91.3,91.3,30%,2e-21,43.36,112,"=HYPERLINK(""https://www.ncbi.nlm.nih.gov/protein/KAI2534837.1?report=genbank&log$=prottop&blast_rank=83&RID=A20G4STG013"",""KAI2534837.1"")"
"hCG1744641, isoform CRA_a [Homo sapiens]",Homo sapiens,193,193,29%,2e-60,88.07,111,"=HYPERLINK(""https://www.ncbi.nlm.nih.gov/protein/EAW52077.1?report=genbank&log$=prottop&blast_rank=84&RID=A20G4STG013"",""EAW52077.1"")"
"TAR DNA binding protein, partial [Homo sapiens]",Homo sapiens,227,227,29%,1e-73,100.00,127,"=HYPERLINK(""https://www.ncbi.nlm.nih.gov/protein/KAI2515024.1?report=genbank&log$=prottop&blast_rank=85&RID=A20G4STG013"",""KAI2515024.1"")"
"Chain A, TAR DNA-binding protein 43 [Homo sapiens]",Homo sapiens,216,216,27%,3e-69,100.00,114,"=HYPERLINK(""https://www.ncbi.nlm.nih.gov/protein/5MRG_A?report=genbank&log$=prottop&blast_rank=86&RID=A20G4STG013"",""5MRG_A"")"
"hCG1642312, isoform CRA_b [Homo sapiens]",Homo sapiens,106,106,27%,6e-27,54.81,116,"=HYPERLINK(""https://www.ncbi.nlm.nih.gov/protein/EAW48445.1?report=genbank&log$=prottop&blast_rank=87&RID=A20G4STG013"",""EAW48445.1"")"
"Chain A, TAR DNA-binding protein-43 [Homo sapiens]",Homo sapiens,191,191,26%,9e-60,94.79,103,"=HYPERLINK(""https://www.ncbi.nlm.nih.gov/protein/2CQG_A?report=genbank&log$=prottop&blast_rank=88&RID=A20G4STG013"",""2CQG_A"")"
"Chain A, TAR DNA-binding protein 43 [Homo sapiens]",Homo sapiens,193,193,24%,2e-60,100.00,103,"=HYPERLINK(""https://www.ncbi.nlm.nih.gov/protein/4Y0F_A?report=genbank&log$=prottop&blast_rank=89&RID=A20G4STG013"",""4Y0F_A"")"
"Chain A, TAR DNA-binding protein 43 [Homo sapiens]",Homo sapiens,190,190,24%,3e-59,98.90,103,"=HYPERLINK(""https://www.ncbi.nlm.nih.gov/protein/4Y00_A?report=genbank&log$=prottop&blast_rank=90&RID=A20G4STG013"",""4Y00_A"")"
TDP43 isoform F [Homo sapiens],Homo sapiens,171,171,23%,2e-52,95.24,84,"=HYPERLINK(""https://www.ncbi.nlm.nih.gov/protein/AER93383.1?report=genbank&log$=prottop&blast_rank=91&RID=A20G4STG013"",""AER93383.1"")"
"Chain A, TAR DNA-binding protein 43 [Homo sapiens]",Homo sapiens,177,177,22%,2e-54,100.00,80,"=HYPERLINK(""https://www.ncbi.nlm.nih.gov/protein/6T4B_A?report=genbank&log$=prottop&blast_rank=92&RID=A20G4STG013"",""6T4B_A"")"
"Chain A, TAR DNA-binding protein 43, S48E Mutant [Homo sapiens]",Homo sapiens,175,175,22%,7e-54,98.75,83,"=HYPERLINK(""https://www.ncbi.nlm.nih.gov/protein/6B1G_A?report=genbank&log$=prottop&blast_rank=93&RID=A20G4STG013"",""6B1G_A"")"
"Chain B, TAR DNA-binding protein 43, Y4R Mutant [Homo sapiens]",Homo sapiens,168,168,22%,5e-51,98.75,83,"=HYPERLINK(""https://www.ncbi.nlm.nih.gov/protein/6B1G_B?report=genbank&log$=prottop&blast_rank=94&RID=A20G4STG013"",""6B1G_B"")"
TAR DNA binding protein [Homo sapiens],Homo sapiens,175,175,21%,9e-54,100.00,80,"=HYPERLINK(""https://www.ncbi.nlm.nih.gov/protein/KAI2515022.1?report=genbank&log$=prottop&blast_rank=95&RID=A20G4STG013"",""KAI2515022.1"")"
"Chain A, TAR DNA-binding protein 43 [Homo sapiens]",Homo sapiens,167,167,21%,2e-50,97.47,102,"=HYPERLINK(""https://www.ncbi.nlm.nih.gov/protein/5MDI_A?report=genbank&log$=prottop&blast_rank=96&RID=A20G4STG013"",""5MDI_A"")"
"Chain A, TAR DNA-binding protein-43 [Homo sapiens]",Homo sapiens,161,161,21%,3e-48,96.15,88,"=HYPERLINK(""https://www.ncbi.nlm.nih.gov/protein/1WF0_A?report=genbank&log$=prottop&blast_rank=97&RID=A20G4STG013"",""1WF0_A"")"
"Chain A, TAR DNA-binding protein 43 [Homo sapiens]",Homo sapiens,172,172,21%,2e-52,100.00,89,"=HYPERLINK(""https://www.ncbi.nlm.nih.gov/protein/2N4P_A?report=genbank&log$=prottop&blast_rank=98&RID=A20G4STG013"",""2N4P_A"")"
"Chain A, TAR DNA-binding protein 43 [Homo sapiens]",Homo sapiens,165,165,21%,7e-50,100.00,77,"=HYPERLINK(""https://www.ncbi.nlm.nih.gov/protein/4IUF_A?report=genbank&log$=prottop&blast_rank=99&RID=A20G4STG013"",""4IUF_A"")"
"Chain A, TAR DNA-binding protein 43 [Homo sapiens]",Homo sapiens,162,162,21%,1e-48,97.40,77,"=HYPERLINK(""https://www.ncbi.nlm.nih.gov/protein/5X4F_A?report=genbank&log$=prottop&blast_rank=100&RID=A20G4STG013"",""5X4F_A"")"



		


